<AvrGcc>
  <avrgcc.common.Device>-mmcu=atmega4808 -B "%24(PackRepoDir)\Atmel\ATmega_DFP\1.3.300\gcc\dev\atmega4808"</avrgcc.common.Device>
  <avrgcc.common.outputfiles.hex>True</avrgcc.common.outputfiles.hex>
  <avrgcc.common.outputfiles.lss>True</avrgcc.common.outputfiles.lss>
  <avrgcc.common.outputfiles.eep>True</avrgcc.common.outputfiles.eep>
  <avrgcc.common.outputfiles.srec>True</avrgcc.common.outputfiles.srec>
  <avrgcc.common.outputfiles.usersignatures>False</avrgcc.common.outputfiles.usersignatures>
  <avrgcc.compiler.general.ChangeDefaultCharTypeUnsigned>True</avrgcc.compiler.general.ChangeDefaultCharTypeUnsigned>
  <avrgcc.compiler.general.ChangeDefaultBitFieldUnsigned>True</avrgcc.compiler.general.ChangeDefaultBitFieldUnsigned>
  <avrgcc.compiler.symbols.DefSymbols>
    <ListValues>
      <Value>NDEBUG</Value>
    </ListValues>
  </avrgcc.compiler.symbols.DefSymbols>
  <avrgcc.compiler.directories.IncludePaths>
    <ListValues>
      <Value>../examples/include</Value>
      <Value>../include</Value>
      <Value>../utils</Value>
      <Value>../utils/assembler</Value>
      <Value>../</Value>
      <Value>../Config</Value>
      <Value>%24(PackRepoDir)\Atmel\ATmega_DFP\1.3.300\include</Value>
    </ListValues>
  </avrgcc.compiler.directories.IncludePaths>
  <avrgcc.compiler.optimization.level>Optimize for size (-Os)</avrgcc.compiler.optimization.level>
  <avrgcc.compiler.optimization.PackStructureMembers>True</avrgcc.compiler.optimization.PackStructureMembers>
  <avrgcc.compiler.optimization.AllocateBytesNeededForEnum>True</avrgcc.compiler.optimization.AllocateBytesNeededForEnum>
  <avrgcc.compiler.warnings.AllWarnings>True</avrgcc.compiler.warnings.AllWarnings>
  <avrgcc.linker.libraries.Libraries>
    <ListValues>
      <Value>libm</Value>
    </ListValues>
  </avrgcc.linker.libraries.Libraries>
  <avrgcc.assembler.general.IncludePaths>
    <ListValues>
      <Value>../Config</Value>
      <Value>../examples/include</Value>
      <Value>../include</Value>
      <Value>../utils</Value>
      <Value>../utils/assembler</Value>
      <Value>../</Value>
      <Value>%24(PackRepoDir)\Atmel\ATmega_DFP\1.3.300\include</Value>
    </ListValues>
  </avrgcc.assembler.general.IncludePaths>
</AvrGcc>